"0","knitr::opts_chunk$set(echo = TRUE)"
"0","install.packages(c(""randomForest"", ""gbm""))"
"1","Error in "
"1",""
"1","install.packages"
"1",""
"1"," : "
"1",""
"1","Updating loaded packages"
"1",""
"1","
"
"0","library(dplyr)"
"2","
‘ÿ»Î≥Ãº≠∞¸£∫°Ædplyr°Ø

"
"2","The following objects are masked from °Æpackage:stats°Ø:

    filter, lag

"
"2","The following objects are masked from °Æpackage:base°Ø:

    intersect, setdiff, setequal, union

"
"0","library(tidyverse)"
"2","[30m-- [1mAttaching packages[22m --------------------------------------- tidyverse 1.2.1 --[39m
"
"2","[30m[32m°Ã[30m [34mggplot2[30m 3.2.1     [32m°Ã[30m [34mreadr  [30m 1.3.1
[32m°Ã[30m [34mtibble [30m 2.1.3     [32m°Ã[30m [34mpurrr  [30m 0.3.2
[32m°Ã[30m [34mtidyr  [30m 1.0.0     [32m°Ã[30m [34mstringr[30m 1.4.0
[32m°Ã[30m [34mggplot2[30m 3.2.1     [32m°Ã[30m [34mforcats[30m 0.4.0[39m
"
"2","[30m-- [1mConflicts[22m ------------------------------------------ tidyverse_conflicts() --
[31mx[30m [34mdplyr[30m::[32mfilter()[30m masks [34mstats[30m::filter()
[31mx[30m [34mdplyr[30m::[32mlag()[30m    masks [34mstats[30m::lag()[39m
"
"0","library(ggplot2)"
"0","library(randomForest)"
"2","randomForest 4.6-14
"
"2","Type rfNews() to see new features/changes/bug fixes.
"
"2","
‘ÿ»Î≥Ãº≠∞¸£∫°ÆrandomForest°Ø

"
"2","The following object is masked from °Æpackage:ggplot2°Ø:

    margin

"
"2","The following object is masked from °Æpackage:dplyr°Ø:

    combine

"
"0","library(magrittr)"
"2","
‘ÿ»Î≥Ãº≠∞¸£∫°Æmagrittr°Ø

"
"2","The following object is masked from °Æpackage:purrr°Ø:

    set_names

"
"2","The following object is masked from °Æpackage:tidyr°Ø:

    extract

"
"0","library(ggthemes)"
"0","library(glmnet)"
"2","‘ÿ»Î–Ë“™µƒ≥Ãº≠∞¸£∫Matrix
"
"2","
‘ÿ»Î≥Ãº≠∞¸£∫°ÆMatrix°Ø

"
"2","The following objects are masked from °Æpackage:tidyr°Ø:

    expand, pack, unpack

"
"2","‘ÿ»Î–Ë“™µƒ≥Ãº≠∞¸£∫foreach
"
"2","
‘ÿ»Î≥Ãº≠∞¸£∫°Æforeach°Ø

"
"2","The following objects are masked from °Æpackage:purrr°Ø:

    accumulate, when

"
"2","Loaded glmnet 2.0-18

"
"0","<<<<<<< HEAD"
"2","Error: unexpected input in ""<<""
"
